-- Insertar 20 elementos en la tabla "user"
INSERT INTO "user" (id, full_name, user_name, email, password, date_of_birth, phone_number) VALUES
(1, 'Usuario Uno', 'usuario1', 'usuario1@example.com', 'pass1', '1990-01-01', '555-0001'),
(2, 'Usuario Dos', 'usuario2', 'usuario2@example.com', 'pass2', '1990-02-02', '555-0002'),
(3, 'Usuario Tres', 'usuario3', 'usuario3@example.com', 'pass3', '1990-03-03', '555-0003'),
(4, 'Usuario Cuatro', 'usuario4', 'usuario4@example.com', 'pass4', '1990-04-04', '555-0004'),
(5, 'Usuario Cinco', 'usuario5', 'usuario5@example.com', 'pass5', '1990-05-05', '555-0005'),
(6, 'Usuario Seis', 'usuario6', 'usuario6@example.com', 'pass6', '1990-06-06', '555-0006'),
(7, 'Usuario Siete', 'usuario7', 'usuario7@example.com', 'pass7', '1990-07-07', '555-0007'),
(8, 'Usuario Ocho', 'usuario8', 'usuario8@example.com', 'pass8', '1990-08-08', '555-0008'),
(9, 'Usuario Nueve', 'usuario9', 'usuario9@example.com', 'pass9', '1990-09-09', '555-0009'),
(10, 'Usuario Diez', 'usuario10', 'usuario10@example.com', 'pass10', '1990-10-10', '555-0010'),
(11, 'Usuario Once', 'usuario11', 'usuario11@example.com', 'pass11', '1991-01-11', '555-0011'),
(12, 'Usuario Doce', 'usuario12', 'usuario12@example.com', 'pass12', '1991-02-12', '555-0012'),
(13, 'Usuario Trece', 'usuario13', 'usuario13@example.com', 'pass13', '1991-03-13', '555-0013'),
(14, 'Usuario Catorce', 'usuario14', 'usuario14@example.com', 'pass14', '1991-04-14', '555-0014'),
(15, 'Usuario Quince', 'usuario15', 'usuario15@example.com', 'pass15', '1991-05-15', '555-0015'),
(16, 'Usuario Dieciséis', 'usuario16', 'usuario16@example.com', 'pass16', '1991-06-16', '555-0016'),
(17, 'Usuario Diecisiete', 'usuario17', 'usuario17@example.com', 'pass17', '1991-07-17', '555-0017'),
(18, 'Usuario Dieciocho', 'usuario18', 'usuario18@example.com', 'pass18', '1991-08-18', '555-0018'),
(19, 'Usuario Diecinueve', 'usuario19', 'usuario19@example.com', 'pass19', '1991-09-19', '555-0019'),
(20, 'Usuario Veinte', 'usuario20', 'usuario20@example.com', 'pass20', '1991-10-20', '555-0020');

-- Insertar 20 elementos en la tabla category
INSERT INTO category (id, name, monthly_budget) VALUES
(1, 'Alimentación', 500.00),
(2, 'Transporte', 300.00),
(3, 'Vivienda', 800.00),
(4, 'Salud', 200.00),
(5, 'Educación', 400.00),
(6, 'Entretenimiento', 250.00),
(7, 'Ropa', 150.00),
(8, 'Tecnología', 350.00),
(9, 'Viajes', 600.00),
(10, 'Ahorros', 1000.00),
(11, 'Regalos', 100.00),
(12, 'Impuestos', 450.00),
(13, 'Servicios', 300.00),
(14, 'Comunicaciones', 200.00),
(15, 'Mascotas', 150.00),
(16, 'Belleza', 180.00),
(17, 'Hogar', 550.00),
(18, 'Jardinería', 120.00),
(19, 'Deportes', 220.00),
(20, 'Misceláneos', 130.00);

-- Insertar 20 elementos en la tabla subcategory
-- Se asigna cada subcategoría a un category_id válido (en este ejemplo, se usa el mismo id para simplificar)
INSERT INTO subcategory (id, name, monthly_budget, category_id) VALUES
(1, 'Supermercado', 300.00, 1),
(2, 'Restaurantes', 200.00, 1),
(3, 'Buses', 150.00, 2),
(4, 'Taxi', 150.00, 2),
(5, 'Hipoteca', 500.00, 3),
(6, 'Alquiler', 300.00, 3),
(7, 'Consultas Médicas', 120.00, 4),
(8, 'Medicamentos', 80.00, 4),
(9, 'Colegiaturas', 250.00, 5),
(10, 'Libros', 150.00, 5),
(11, 'Cine', 100.00, 6),
(12, 'Conciertos', 150.00, 6),
(13, 'Zapatos', 90.00, 7),
(14, 'Ropa Formal', 60.00, 7),
(15, 'Gadgets', 200.00, 8),
(16, 'Accesorios', 150.00, 8),
(17, 'Vuelos', 400.00, 9),
(18, 'Hoteles', 200.00, 9),
(19, 'Inversiones', 600.00, 10),
(20, 'Fondo de Emergencia', 400.00, 10);

-- Insertar 20 elementos en la tabla "transaction"
INSERT INTO "transaction" (id, date, amount, description, category_id, user_id) VALUES
(1, '2025-03-01', 50.00, 'Compra en supermercado', 1, 1),
(2, '2025-03-02', 75.00, 'Cena en restaurante', 1, 2),
(3, '2025-03-03', 20.00, 'Billete de autobús', 2, 3),
(4, '2025-03-04', 35.00, 'Viaje en taxi', 2, 4),
(5, '2025-03-05', 500.00, 'Pago de hipoteca', 3, 5),
(6, '2025-03-06', 300.00, 'Pago de alquiler', 3, 6),
(7, '2025-03-07', 80.00, 'Consulta médica', 4, 7),
(8, '2025-03-08', 40.00, 'Compra de medicamentos', 4, 8),
(9, '2025-03-09', 250.00, 'Pago de colegiatura', 5, 9),
(10, '2025-03-10', 150.00, 'Compra de libros', 5, 10),
(11, '2025-03-11', 60.00, 'Entrada al cine', 6, 11),
(12, '2025-03-12', 90.00, 'Gasto en concierto', 6, 12),
(13, '2025-03-13', 45.00, 'Compra de zapatos', 7, 13),
(14, '2025-03-14', 55.00, 'Compra de ropa formal', 7, 14),
(15, '2025-03-15', 220.00, 'Compra de gadget', 8, 15),
(16, '2025-03-16', 180.00, 'Compra de accesorios', 8, 16),
(17, '2025-03-17', 350.00, 'Reserva de vuelo', 9, 17),
(18, '2025-03-18', 250.00, 'Reserva de hotel', 9, 18),
(19, '2025-03-19', 700.00, 'Inversión en ahorros', 10, 19),
(20, '2025-03-20', 400.00, 'Aporte a fondo de emergencia', 10, 20);

-- Insertar 20 elementos en la tabla notification
INSERT INTO notification (id, name, content, date, user_id) VALUES
(1, 'Alerta de Presupuesto', 'Se ha alcanzado el límite de presupuesto en Alimentación', '2025-03-05 10:00:00', 1),
(2, 'Recordatorio', 'El pago del alquiler vence mañana', '2025-03-06 09:00:00', 2),
(3, 'Aviso', 'Revisión de consulta médica pendiente', '2025-03-07 08:30:00', 3),
(4, 'Alerta', 'Gastos en transporte superados', '2025-03-08 11:00:00', 4),
(5, 'Notificación', 'Nuevo mensaje en tu cuenta', '2025-03-09 12:00:00', 5),
(6, 'Alerta de Seguridad', 'Cambio de contraseña recomendado', '2025-03-10 13:00:00', 6),
(7, 'Recordatorio', 'Cita médica agendada para mañana', '2025-03-11 14:00:00', 7),
(8, 'Aviso', 'Actualización de datos de usuario', '2025-03-12 15:00:00', 8),
(9, 'Notificación', 'Nuevo registro en el sistema', '2025-03-13 16:00:00', 9),
(10, 'Alerta', 'Falta de fondos en la cuenta', '2025-03-14 17:00:00', 10),
(11, 'Recordatorio', 'Recordatorio de pago de colegiatura', '2025-03-15 18:00:00', 11),
(12, 'Aviso', 'Actualización de presupuesto mensual', '2025-03-16 19:00:00', 12),
(13, 'Notificación', 'Acceso desde dispositivo desconocido', '2025-03-17 20:00:00', 13),
(14, 'Alerta de Seguridad', 'Revisa tus transacciones recientes', '2025-03-18 21:00:00', 14),
(15, 'Recordatorio', 'Próximo vencimiento de factura', '2025-03-19 22:00:00', 15),
(16, 'Aviso', 'Actualización de términos y condiciones', '2025-03-20 23:00:00', 16),
(17, 'Notificación', 'Verifica tu correo electrónico', '2025-03-21 08:00:00', 17),
(18, 'Alerta', 'Actividad inusual en tu cuenta', '2025-03-22 09:00:00', 18),
(19, 'Recordatorio', 'Revisión trimestral de gastos', '2025-03-23 10:00:00', 19),
(20, 'Aviso', 'Nuevo aviso de actualización', '2025-03-24 11:00:00', 20);